"Дата","Цена","Откр.","Макс.","Мин.","Объём","Изм. %"
"02.10.2017","4.400,1","4.404,3","4.482,0","4.359,8","29,08K","-0,10%"
"03.10.2017","4.311,1","4.399,3","4.439,9","4.222,0","28,54K","-2,02%"
"04.10.2017","4.215,1","4.310,6","4.353,8","4.177,7","26,37K","-2,23%"
"05.10.2017","4.315,4","4.215,9","4.364,6","4.134,9","25,36K","2,38%"
"06.10.2017","4.371,0","4.312,6","4.424,5","4.294,0","25,94K","1,29%"
"07.10.2017","4.436,0","4.370,0","4.477,1","4.316,1","17,41K","1,49%"
"08.10.2017","4.613,1","4.435,9","4.630,0","4.417,6","29,86K","3,99%"
"09.10.2017","4.782,3","4.612,4","4.874,9","4.551,3","48,93K","3,67%"
"10.10.2017","4.777,0","4.782,3","4.940,0","4.717,5","42,68K","-0,11%"
"11.10.2017","4.824,9","4.777,7","4.879,5","4.715,0","28,92K","1,00%"
"12.10.2017","5.428,5","4.824,9","5.437,6","4.815,1","79,26K","12,51%"
"13.10.2017","5.636,8","5.440,0","5.874,3","5.376,0","99,15K","3,84%"
"14.10.2017","5.835,0","5.636,8","5.854,3","5.567,3","36,81K","3,52%"
"15.10.2017","5.698,6","5.838,7","5.876,9","5.450,0","57,34K","-2,34%"
"16.10.2017","5.764,4","5.712,2","5.803,2","5.570,4","31,41K","1,15%"
"17.10.2017","5.597,1","5.764,8","5.779,0","5.511,0","31,91K","-2,90%"
"18.10.2017","5.565,0","5.597,7","5.597,9","5.114,3","69,04K","-0,57%"
"19.10.2017","5.694,0","5.574,8","5.741,0","5.505,8","38,04K","2,32%"
"20.10.2017","5.984,5","5.694,0","6.082,2","5.606,4","61,78K","5,10%"
"21.10.2017","6.005,1","5.984,9","6.190,0","5.873,6","53,52K","0,34%"
"22.10.2017","5.980,5","6.005,1","6.069,6","5.717,9","50,58K","-0,41%"
"23.10.2017","5.906,9","5.980,5","6.051,0","5.639,8","67,06K","-1,23%"
"24.10.2017","5.509,5","5.902,5","5.902,5","5.457,5","64,03K","-6,73%"
"25.10.2017","5.720,0","5.509,9","5.743,9","5.367,9","44,80K","3,82%"
"26.10.2017","5.890,0","5.724,2","5.966,6","5.680,5","42,72K","2,97%"
"27.10.2017","5.759,6","5.890,0","6.010,2","5.681,2","39,71K","-2,21%"
"28.10.2017","5.720,6","5.759,8","5.863,9","5.634,7","26,66K","-0,68%"
"29.10.2017","6.156,0","5.718,1","6.330,0","5.662,9","61,92K","7,61%"
"30.10.2017","6.125,3","6.146,0","6.237,2","6.010,0","33,26K","-0,50%"
"31.10.2017","6.458,3","6.129,9","6.472,1","6.082,7","38,76K","5,44%"
"01.11.2017","6.727,3","6.450,2","6.727,3","6.348,0","57,13K","4,17%"
"02.11.2017","7.019,9","6.735,0","7.315,1","6.724,5","97,45K","4,35%"
"03.11.2017","7.278,4","7.018,9","7.447,5","6.926,5","64,15K","3,68%"
"04.11.2017","7.369,0","7.104,0","7.521,1","6.936,5","48,62K","1,24%"
"05.11.2017","7.382,0","7.370,9","7.595,0","7.272,0","46,29K","0,18%"
"06.11.2017","6.955,0","7.355,1","7.429,5","6.915,1","63,27K","-5,78%"
"07.11.2017","7.103,3","6.959,6","7.214,4","6.959,0","37,54K","2,13%"
"08.11.2017","7.442,4","7.102,0","7.895,0","7.029,9","97,30K","4,77%"
"09.11.2017","7.126,2","7.447,0","7.447,0","7.017,6","50,14K","-4,25%"
"10.11.2017","6.542,2","7.123,3","7.313,1","6.405,2","88,43K","-8,20%"
"11.11.2017","6.300,7","6.541,2","6.788,0","6.166,0","72,84K","-3,69%"
"12.11.2017","5.822,1","6.282,4","6.465,0","5.426,0","172,69K","-7,60%"
"13.11.2017","6.474,6","5.806,5","6.680,0","5.786,1","110,44K","11,21%"
"14.11.2017","6.579,2","6.476,5","6.687,8","6.315,4","49,52K","1,62%"
"15.11.2017","7.278,3","6.589,9","7.310,2","6.589,9","71,61K","10,63%"
"16.11.2017","7.864,2","7.273,7","8.012,9","7.099,9","85,88K","8,05%"
"17.11.2017","7.677,9","7.865,0","8.029,8","7.511,1","75,95K","-2,37%"
"18.11.2017","7.773,3","7.674,1","7.867,0","7.419,5","40,70K","1,24%"
"19.11.2017","8.054,2","7.770,6","8.126,9","7.652,0","39,13K","3,61%"
"20.11.2017","8.245,1","8.052,8","8.310,2","7.943,4","38,28K","2,37%"
"21.11.2017","8.097,3","8.245,1","8.380,0","7.790,0","71,85K","-1,79%"
"22.11.2017","8.230,1","8.097,3","8.310,0","8.064,3","28,86K","1,64%"
"23.11.2017","7.977,1","8.230,0","8.267,6","7.977,1","32,10K","-3,07%"
"24.11.2017","8.191,6","7.977,0","8.350,7","7.873,0","42,85K","2,69%"
"25.11.2017","8.766,2","8.191,6","8.770,0","8.132,9","44,25K","7,01%"
"26.11.2017","9.316,0","8.791,0","9.495,0","8.769,2","67,57K","6,27%"
"27.11.2017","9.728,8","9.303,9","9.760,7","9.268,9","66,66K","4,43%"
"28.11.2017","9.898,0","9.727,1","9.977,8","9.608,3","47,11K","1,74%"
"29.11.2017","9.749,4","9.891,9","11.427,2","9.001,1","182,74K","-1,50%"
"30.11.2017","9.907,0","9.771,9","10.540,0","8.821,0","129,07K","1,62%"
"01.12.2017","10.869,0","9.907,0","10.949,0","9.370,1","84,14K","9,71%"
"02.12.2017","10.881,0","10.852,0","11.187,0","10.627,0","49,71K","0,11%"
"03.12.2017","11.157,0","10.880,0","11.842,0","10.299,0","93,06K","2,54%"
"04.12.2017","11.595,0","11.162,0","11.598,0","10.788,0","63,74K","3,93%"
"05.12.2017","11.595,0","11.611,0","11.949,0","11.414,0","48,94K","0,00%"
"06.12.2017","13.527,0","11.590,0","13.598,0","11.590,0","83,59K","16,66%"
"07.12.2017","16.601,0","13.500,0","16.639,0","13.154,0","141,26K","22,72%"
"08.12.2017","15.869,0","16.608,0","17.160,0","13.774,0","124,11K","-4,41%"
"09.12.2017","14.660,0","15.829,0","16.300,0","13.021,0","77,82K","-7,62%"
"10.12.2017","14.997,0","14.660,0","15.728,0","12.748,0","107,05K","2,30%"
"11.12.2017","16.754,0","14.937,0","17.443,0","14.937,0","78,09K","11,72%"
"12.12.2017","16.967,0","16.754,0","17.500,0","16.234,0","52,09K","1,27%"
"13.12.2017","16.181,0","17.010,0","17.288,0","15.674,0","62,88K","-4,63%"
"14.12.2017","16.383,0","16.122,0","16.999,0","15.870,0","45,72K","1,25%"
"15.12.2017","17.522,0","16.396,0","18.098,0","16.352,0","63,11K","6,95%"
"16.12.2017","19.187,0","17.569,5","19.548,0","17.098,0","48,27K","9,50%"
"17.12.2017","18.971,0","19.210,0","19.891,0","18.622,0","51,80K","-1,13%"
"18.12.2017","18.934,0","18.959,0","19.171,0","18.010,0","53,58K","-0,20%"
"19.12.2017","17.345,0","18.931,0","18.987,0","16.500,0","66,65K","-8,39%"
"20.12.2017","16.425,0","17.340,0","17.709,0","15.500,0","82,16K","-5,30%"
"21.12.2017","15.666,8","16.433,0","17.333,0","14.827,0","65,58K","-4,62%"
"22.12.2017","13.170,0","15.650,0","15.826,0","10.718,0","179,00K","-15,94%"
"23.12.2017","14.035,0","13.173,0","14.986,0","12.755,0","59,92K","6,57%"
"24.12.2017","13.476,0","14.036,0","14.047,0","11.601,2","72,38K","-3,98%"
"25.12.2017","13.623,0","13.517,0","14.278,0","12.678,0","45,61K","1,09%"
"26.12.2017","15.679,0","13.627,0","16.048,0","13.550,0","63,44K","15,09%"
"27.12.2017","15.374,0","15.680,0","16.494,0","14.463,0","54,99K","-1,95%"
"28.12.2017","14.315,0","15.374,0","15.467,0","13.232,0","72,89K","-6,89%"
"29.12.2017","14.317,0","14.323,0","15.105,0","13.847,0","48,01K","0,01%"
"30.12.2017","12.377,0","14.308,0","14.403,0","11.690,0","75,43K","-13,55%"
"31.12.2017","13.800,0","12.385,0","14.140,0","12.183,9","43,29K","11,50%"
"01.01.2018","13.354,0","13.794,0","13.893,0","12.787,0","29,54K","-3,23%"
"02.01.2018","14.709,8","13.448,0","15.300,0","12.810,0","56,18K","10,15%"
"03.01.2018","15.155,0","14.713,0","15.428,0","14.522,0","38,35K","3,03%"
"04.01.2018","15.160,0","15.150,0","15.390,0","14.064,0","46,47K","0,03%"
"05.01.2018","16.917,0","15.159,0","17.101,0","14.769,0","54,63K","11,59%"
"06.01.2018","17.161,0","16.911,0","17.252,0","16.251,0","29,61K","1,44%"
"07.01.2018","16.196,0","17.163,0","17.176,0","15.726,0","30,84K","-5,62%"
"08.01.2018","14.930,0","16.216,0","16.279,0","13.760,0","64,95K","-7,82%"
"09.01.2018","14.423,0","14.902,0","15.355,0","14.122,0","43,44K","-3,40%"
"10.01.2018","14.896,0","14.426,0","14.896,0","13.338,0","57,33K","3,28%"
"11.01.2018","13.266,0","14.895,0","14.949,8","12.639,0","71,70K","-10,94%"
"12.01.2018","13.783,0","13.248,0","14.095,0","12.778,0","37,42K","3,90%"
"13.01.2018","14.191,0","13.794,0","14.580,0","13.760,0","29,01K","2,96%"
"14.01.2018","13.558,0","14.190,0","14.391,0","12.874,3","35,60K","-4,46%"
"15.01.2018","13.575,0","13.558,0","14.350,0","13.307,0","33,46K","0,13%"
"16.01.2018","11.072,0","13.594,0","13.604,0","9.949,4","131,86K","-18,44%"
"17.01.2018","11.082,0","11.059,0","11.490,0","9.231,1","132,23K","0,09%"
"18.01.2018","11.045,0","11.101,0","11.881,0","10.515,0","85,24K","-0,33%"
"19.01.2018","11.476,0","11.036,0","11.879,0","10.649,0","48,55K","3,90%"
"20.01.2018","12.728,0","11.462,0","13.002,0","11.425,0","46,30K","10,91%"
"21.01.2018","11.514,0","12.732,0","12.732,0","11.020,0","53,62K","-9,54%"
"22.01.2018","10.771,0","11.519,0","11.886,0","10.009,0","66,35K","-6,45%"
"23.01.2018","10.819,0","10.770,0","11.383,0","9.901,1","63,85K","0,45%"
"24.01.2018","11.414,0","10.811,0","11.529,0","10.454,0","43,82K","5,50%"
"25.01.2018","11.146,0","11.402,0","11.723,0","10.857,0","34,44K","-2,35%"
"26.01.2018","11.070,0","11.144,0","11.647,0","10.298,0","56,75K","-0,68%"
"27.01.2018","11.461,0","11.068,0","11.683,0","10.822,0","34,40K","3,53%"
"28.01.2018","11.839,0","11.455,1","12.181,0","11.398,0","29,62K","3,30%"
"29.01.2018","11.212,0","11.836,0","11.957,0","11.074,0","25,65K","-5,30%"
"30.01.2018","10.175,0","11.215,0","11.250,0","9.864,9","61,28K","-9,25%"
"31.01.2018","10.284,0","10.170,0","10.411,0","9.761,0","43,23K","1,07%"
"01.02.2018","9.181,1","10.278,0","10.311,0","8.941,0","78,78K","-10,72%"
"02.02.2018","8.895,8","9.181,0","9.201,0","7.972,2","123,34K","-3,11%"
"03.02.2018","9.219,4","8.887,1","9.495,0","8.189,6","51,91K","3,64%"
"04.02.2018","8.200,0","9.225,1","9.403,3","7.840,0","74,42K","-11,06%"
"05.02.2018","6.949,9","8.185,2","8.378,0","6.658,8","131,29K","-15,25%"
"06.02.2018","7.673,8","6.946,6","7.860,0","6.000,0","192,76K","10,42%"
"07.02.2018","7.587,0","7.679,4","8.488,2","7.175,1","106,70K","-1,13%"
"08.02.2018","8.235,1","7.585,0","8.648,8","7.579,6","77,62K","8,54%"
"09.02.2018","8.683,2","8.240,0","8.748,0","7.734,7","63,03K","5,44%"
"10.02.2018","8.563,1","8.678,1","9.074,3","8.152,1","68,15K","-1,38%"
"11.02.2018","8.069,0","8.563,0","8.569,0","7.851,0","52,21K","-5,77%"
"12.02.2018","8.900,6","8.070,0","9.000,0","8.070,0","51,40K","10,31%"
"13.02.2018","8.515,9","8.902,9","8.952,8","8.339,7","39,51K","-4,32%"
"14.02.2018","9.455,4","8.515,9","9.488,0","8.512,6","50,36K","11,03%"
"15.02.2018","9.996,9","9.454,3","10.175,0","9.338,8","67,53K","5,73%"
"16.02.2018","10.162,0","9.996,0","10.270,0","9.674,9","43,89K","1,65%"
"17.02.2018","11.053,5","10.161,0","11.083,0","10.050,0","52,80K","8,77%"
"18.02.2018","10.372,0","11.062,0","11.250,0","10.122,0","69,83K","-6,17%"
"19.02.2018","11.173,0","10.398,0","11.250,0","10.308,0","50,74K","7,72%"
"20.02.2018","11.218,0","11.172,0","11.776,0","11.101,0","60,92K","0,40%"
"21.02.2018","10.455,0","11.216,0","11.239,0","10.200,0","76,96K","-6,80%"
"22.02.2018","9.830,0","10.453,2","10.912,0","9.740,0","71,23K","-5,98%"
"23.02.2018","10.145,0","9.826,5","10.395,0","9.583,9","59,07K","3,20%"
"24.02.2018","9.666,3","10.144,0","10.499,0","9.350,3","55,70K","-4,72%"
"25.02.2018","9.557,4","9.666,3","9.840,0","9.284,3","30,52K","-1,13%"
"26.02.2018","10.321,0","9.583,0","10.437,0","9.359,9","45,94K","7,99%"
"27.02.2018","10.569,0","10.320,0","10.880,0","10.133,0","39,72K","2,40%"
"28.02.2018","10.315,0","10.583,0","11.063,0","10.270,0","43,89K","-2,40%"
"01.03.2018","10.925,0","10.316,0","11.087,0","10.224,0","33,87K","5,91%"
"02.03.2018","11.025,0","10.908,0","11.189,0","10.766,0","28,86K","0,92%"
"03.03.2018","11.440,0","11.024,0","11.526,0","11.024,0","30,65K","3,76%"
"04.03.2018","11.501,0","11.454,0","11.544,0","11.061,0","28,07K","0,53%"
"05.03.2018","11.416,0","11.497,0","11.696,0","11.390,0","27,56K","-0,74%"
"06.03.2018","10.720,0","11.403,0","11.403,0","10.578,0","44,24K","-6,10%"
"07.03.2018","9.902,9","10.779,0","10.899,0","9.422,1","75,22K","-7,62%"
"08.03.2018","9.300,0","9.910,7","10.109,0","9.037,0","67,75K","-6,09%"
"09.03.2018","9.217,0","9.301,9","9.420,5","8.351,0","98,20K","-0,89%"
"10.03.2018","8.762,0","9.216,2","9.500,0","8.691,1","52,54K","-4,94%"
"11.03.2018","9.528,0","8.764,4","9.726,1","8.429,0","70,48K","8,74%"
"12.03.2018","9.121,0","9.528,0","9.894,7","8.776,8","67,58K","-4,27%"
"13.03.2018","9.135,0","9.130,2","9.479,0","8.827,7","61,54K","0,15%"
"14.03.2018","8.186,6","9.135,2","9.400,1","7.923,8","78,81K","-10,38%"
"15.03.2018","8.252,9","8.181,3","8.416,7","7.666,3","82,58K","0,81%"
"16.03.2018","8.251,0","8.250,1","8.602,7","7.903,2","56,34K","-0,02%"
"17.03.2018","7.851,0","8.250,0","8.350,1","7.729,5","48,97K","-4,85%"
"18.03.2018","8.200,2","7.832,0","8.285,6","7.240,0","88,92K","4,45%"
"19.03.2018","8.600,1","8.209,0","8.689,9","8.100,0","73,28K","4,88%"
"20.03.2018","8.899,7","8.600,2","9.025,0","8.309,6","54,28K","3,48%"
"21.03.2018","8.900,1","8.899,8","9.175,2","8.755,7","42,86K","0,00%"
"22.03.2018","8.706,4","8.888,6","9.088,0","8.453,1","54,42K","-2,18%"
"23.03.2018","8.908,0","8.703,8","8.910,0","8.272,8","44,91K","2,32%"
"24.03.2018","8.535,0","8.911,4","9.040,2","8.463,0","44,21K","-4,19%"
"25.03.2018","8.445,1","8.525,0","8.673,9","8.373,0","30,69K","-1,05%"
"26.03.2018","8.119,1","8.445,0","8.496,4","7.839,1","56,38K","-3,86%"
"27.03.2018","7.784,5","8.128,0","8.209,0","7.727,0","50,41K","-4,12%"
"28.03.2018","7.936,1","7.784,5","8.118,0","7.725,0","35,08K","1,95%"
"29.03.2018","7.094,0","7.936,0","7.963,9","6.897,2","77,41K","-10,61%"
"30.03.2018","6.840,4","7.091,5","7.267,3","6.533,0","108,25K","-3,57%"
"31.03.2018","6.925,3","6.838,1","7.221,9","6.782,9","68,02K","1,24%"
"01.04.2018","6.810,0","6.925,4","7.035,1","6.432,4","54,90K","-1,66%"
"02.04.2018","7.052,7","6.813,1","7.121,4","6.770,2","44,01K","3,56%"
"03.04.2018","7.405,6","7.073,8","7.509,6","7.020,0","49,86K","5,00%"
"04.04.2018","6.785,9","7.403,3","7.422,0","6.670,0","53,72K","-8,37%"
"05.04.2018","6.765,0","6.785,8","6.911,0","6.571,9","45,85K","-0,31%"
"06.04.2018","6.610,2","6.767,2","6.851,5","6.501,1","42,14K","-2,29%"
"07.04.2018","6.892,6","6.610,0","7.075,4","6.599,9","40,61K","4,27%"
"08.04.2018","7.023,9","6.892,6","7.114,8","6.883,0","29,33K","1,90%"
"09.04.2018","6.764,6","7.024,0","7.187,4","6.611,0","75,96K","-3,69%"
"10.04.2018","6.839,3","6.770,9","6.890,6","6.650,0","26,15K","1,10%"
"11.04.2018","6.943,1","6.839,3","6.975,7","6.795,0","29,54K","1,52%"
"12.04.2018","7.912,0","6.944,0","8.083,7","6.761,3","94,57K","13,95%"
"13.04.2018","7.885,8","7.915,2","8.230,0","7.746,0","59,91K","-0,33%"
"14.04.2018","8.002,9","7.885,8","8.182,0","7.820,7","26,52K","1,48%"
"15.04.2018","8.354,1","8.003,0","8.426,3","7.997,2","31,90K","4,39%"
"16.04.2018","8.056,2","8.354,8","8.415,0","7.900,3","37,56K","-3,57%"
"17.04.2018","7.889,9","8.056,1","8.169,0","7.823,3","28,23K","-2,06%"
"18.04.2018","8.166,3","7.888,8","8.229,0","7.874,7","29,54K","3,50%"
"19.04.2018","8.272,8","8.166,4","8.296,8","8.099,9","29,21K","1,30%"
"20.04.2018","8.866,1","8.272,8","8.937,5","8.219,0","50,90K","7,17%"
"21.04.2018","8.919,1","8.865,4","9.029,0","8.618,9","39,56K","0,60%"
"22.04.2018","8.800,0","8.917,6","8.979,8","8.752,9","31,43K","-1,34%"
"23.04.2018","8.940,0","8.791,4","8.940,0","8.769,9","23,26K","1,59%"
"24.04.2018","9.644,4","8.940,2","9.737,9","8.929,9","60,35K","7,88%"
"25.04.2018","8.878,4","9.643,0","9.761,5","8.768,4","74,49K","-7,94%"
"26.04.2018","9.279,3","8.850,1","9.308,0","8.656,0","43,21K","4,52%"
"27.04.2018","8.920,1","9.269,7","9.381,1","8.902,8","30,15K","-3,87%"
"28.04.2018","9.345,3","8.911,0","9.436,0","8.845,0","45,08K","4,77%"
"29.04.2018","9.398,6","9.340,3","9.564,1","9.184,6","27,31K","0,57%"
"30.04.2018","9.240,0","9.400,0","9.450,0","9.110,7","23,26K","-1,69%"
"01.05.2018","9.067,0","9.240,7","9.240,7","8.829,1","25,59K","-1,87%"
"02.05.2018","9.236,4","9.069,1","9.279,8","8.979,6","20,18K","1,87%"
"03.05.2018","9.762,1","9.237,9","9.838,0","9.162,8","36,48K","5,69%"
"04.05.2018","9.702,8","9.759,0","9.811,9","9.557,0","24,54K","-0,61%"
"05.05.2018","9.859,6","9.702,9","9.990,0","9.685,9","29,51K","1,62%"
"06.05.2018","9.658,7","9.859,6","9.963,9","9.455,0","26,92K","-2,04%"
"07.05.2018","9.370,0","9.659,0","9.675,7","9.200,0","25,78K","-2,99%"
"08.05.2018","9.184,7","9.356,4","9.469,7","9.052,3","25,86K","-1,98%"
"09.05.2018","9.318,2","9.180,7","9.370,9","8.980,1","22,81K","1,45%"
"10.05.2018","9.018,7","9.320,0","9.390,0","9.003,0","23,62K","-3,21%"
"11.05.2018","8.412,4","9.015,2","9.015,2","8.341,8","54,49K","-6,72%"
"12.05.2018","8.462,7","8.419,5","8.631,6","8.204,5","36,66K","0,60%"
"13.05.2018","8.683,6","8.467,0","8.753,0","8.320,0","22,90K","2,61%"
"14.05.2018","8.670,8","8.683,8","8.882,4","8.279,5","37,15K","-0,15%"
"15.05.2018","8.467,5","8.668,5","8.838,0","8.420,7","26,21K","-2,34%"
"16.05.2018","8.336,1","8.467,0","8.488,7","8.103,6","32,76K","-1,55%"
"17.05.2018","8.051,8","8.349,7","8.466,9","7.986,8","25,19K","-3,41%"
"18.05.2018","8.239,0","8.054,8","8.276,6","7.927,8","23,44K","2,32%"
"19.05.2018","8.232,3","8.238,9","8.400,1","8.142,0","14,15K","-0,08%"
"20.05.2018","8.523,7","8.230,9","8.580,0","8.171,5","15,50K","3,54%"
"21.05.2018","8.393,4","8.523,7","8.586,9","8.317,7","17,22K","-1,53%"
"22.05.2018","7.977,3","8.399,6","8.406,5","7.947,2","20,53K","-4,96%"
"23.05.2018","7.494,8","7.978,0","8.020,0","7.442,1","41,68K","-6,05%"
"24.05.2018","7.576,7","7.503,3","7.718,0","7.260,9","38,86K","1,09%"
"25.05.2018","7.458,0","7.576,0","7.654,1","7.323,1","25,87K","-1,57%"
"26.05.2018","7.330,3","7.456,7","7.621,7","7.286,1","13,81K","-1,71%"
"27.05.2018","7.339,7","7.330,8","7.411,5","7.220,1","16,17K","0,13%"
"28.05.2018","7.097,9","7.339,6","7.434,8","7.062,4","26,68K","-3,29%"
"29.05.2018","7.460,0","7.104,0","7.527,9","7.048,6","27,90K","5,10%"
"30.05.2018","7.375,1","7.465,3","7.557,5","7.279,6","22,08K","-1,14%"
"31.05.2018","7.485,8","7.375,1","7.599,7","7.338,0","19,46K","1,50%"
"01.06.2018","7.521,0","7.485,9","7.599,8","7.344,8","19,04K","0,47%"
"02.06.2018","7.638,1","7.521,1","7.691,2","7.445,5","17,36K","1,56%"
"03.06.2018","7.718,0","7.639,0","7.777,4","7.600,0","13,80K","1,05%"
"04.06.2018","7.488,3","7.718,0","7.761,5","7.457,5","18,13K","-2,98%"
"05.06.2018","7.621,7","7.487,9","7.669,0","7.372,9","16,84K","1,78%"
"06.06.2018","7.654,0","7.621,9","7.698,0","7.495,2","18,27K","0,42%"
"07.06.2018","7.688,9","7.653,9","7.756,1","7.645,8","11,04K","0,46%"
"08.06.2018","7.615,1","7.685,7","7.697,0","7.544,0","12,20K","-0,96%"
"09.06.2018","7.498,6","7.615,2","7.684,9","7.467,7","7,22K","-1,53%"
"10.06.2018","6.757,3","7.498,1","7.498,1","6.633,9","57,82K","-9,89%"
"11.06.2018","6.873,3","6.757,3","6.897,0","6.631,0","22,38K","1,72%"
"12.06.2018","6.543,9","6.873,2","6.873,2","6.441,0","32,01K","-4,79%"
"13.06.2018","6.295,2","6.543,1","6.611,7","6.125,7","45,58K","-3,80%"
"14.06.2018","6.633,7","6.295,1","6.703,4","6.269,5","33,06K","5,38%"
"15.06.2018","6.385,0","6.638,0","6.655,5","6.360,3","21,29K","-3,75%"
"16.06.2018","6.485,9","6.386,2","6.557,2","6.330,0","13,70K","1,58%"
"17.06.2018","6.435,7","6.491,0","6.573,0","6.426,9","9,44K","-0,77%"
"18.06.2018","6.709,2","6.443,5","6.826,8","6.378,6","26,37K","4,25%"
"19.06.2018","6.737,5","6.711,6","6.832,9","6.666,2","17,38K","0,42%"
"20.06.2018","6.760,4","6.732,7","6.818,2","6.560,0","18,71K","0,34%"
"21.06.2018","6.713,5","6.760,0","6.787,1","6.680,1","10,65K","-0,69%"
"22.06.2018","6.042,6","6.715,2","6.730,7","5.929,1","55,25K","-9,99%"
"23.06.2018","6.152,0","6.041,0","6.253,9","6.014,0","20,70K","1,81%"
"24.06.2018","6.148,0","6.151,9","6.249,7","5.762,9","45,50K","-0,06%"
"25.06.2018","6.246,6","6.146,1","6.334,2","6.082,1","27,91K","1,60%"
"26.06.2018","6.078,5","6.250,8","6.273,7","6.050,2","18,83K","-2,69%"
"27.06.2018","6.133,1","6.073,5","6.181,4","5.989,0","18,27K","0,90%"
"28.06.2018","5.850,0","6.133,1","6.167,7","5.829,9","17,94K","-4,62%"
"29.06.2018","6.208,1","5.848,1","6.273,0","5.782,9","33,93K","6,12%"
"30.06.2018","6.391,5","6.208,2","6.518,1","6.195,8","23,86K","2,95%"
"01.07.2018","6.349,7","6.391,5","6.435,0","6.260,2","11,38K","-0,65%"
"02.07.2018","6.581,3","6.617,6","6.672,4","6.539,0","26,92K","3,65%"
"03.07.2018","6.500,0","6.617,6","6.672,4","6.470,5","17,26K","-1,24%"
"04.07.2018","6.590,0","6.509,0","6.778,3","6.418,7","22,49K","1,38%"
"05.07.2018","6.540,2","6.589,9","6.697,7","6.452,0","23,13K","-0,76%"
"06.07.2018","6.602,1","6.531,6","6.636,9","6.452,9","14,95K","0,95%"
"07.07.2018","6.761,7","6.602,2","6.826,1","6.511,5","15,29K","2,42%"
"08.07.2018","6.707,0","6.761,8","6.790,8","6.669,1","13,71K","-0,81%"
"09.07.2018","6.666,7","6.705,9","6.820,0","6.617,1","16,30K","-0,60%"
"10.07.2018","6.301,5","6.666,9","6.680,1","6.269,3","28,02K","-5,48%"
"11.07.2018","6.377,8","6.299,0","6.402,8","6.287,7","16,41K","1,21%"
"12.07.2018","6.249,0","6.377,7","6.377,7","6.080,8","24,98K","-2,02%"
"13.07.2018","6.220,0","6.240,6","6.335,1","6.133,4","20,09K","-0,46%"
"14.07.2018","6.250,1","6.219,7","6.320,0","6.179,3","8,90K","0,48%"
"15.07.2018","6.347,2","6.250,0","6.388,9","6.232,3","10,99K","1,55%"
"16.07.2018","6.729,2","6.347,7","6.750,0","6.328,9","31,00K","6,02%"
"17.07.2018","7.319,8","6.734,3","7.462,9","6.667,4","48,12K","8,78%"
"18.07.2018","7.379,4","7.320,0","7.586,5","7.249,9","39,62K","0,81%"
"19.07.2018","7.473,5","7.379,8","7.559,9","7.282,9","22,19K","1,28%"
"20.07.2018","7.333,1","7.473,6","7.681,0","7.278,2","32,74K","-1,88%"
"21.07.2018","7.403,3","7.333,0","7.458,0","7.221,0","11,41K","0,96%"
"22.07.2018","7.400,5","7.403,4","7.572,7","7.338,9","17,17K","-0,04%"
"23.07.2018","7.719,8","7.397,7","7.800,7","7.374,1","47,52K","4,31%"
"24.07.2018","8.394,5","7.719,8","8.500,2","7.692,3","64,68K","8,74%"
"25.07.2018","8.176,0","8.380,0","8.485,7","8.073,0","36,97K","-2,60%"
"26.07.2018","7.939,0","8.178,4","8.313,1","7.869,8","32,78K","-2,90%"
"27.07.2018","8.185,7","7.933,5","8.280,3","7.815,1","34,22K","3,11%"
"28.07.2018","8.246,4","8.188,0","8.246,4","8.073,9","13,66K","0,74%"
"29.07.2018","8.221,0","8.235,7","8.293,9","8.123,0","10,19K","-0,31%"
"30.07.2018","8.179,6","8.218,5","8.274,2","7.862,9","37,58K","-0,50%"
"31.07.2018","7.730,6","8.179,5","8.179,5","7.670,0","43,55K","-5,49%"
"01.08.2018","7.608,8","7.731,3","7.755,6","7.444,2","30,74K","-1,58%"
"02.08.2018","7.535,2","7.606,0","7.707,1","7.463,1","17,75K","-0,97%"
"03.08.2018","7.420,0","7.533,2","7.533,2","7.283,6","30,88K","-1,53%"
"04.08.2018","7.013,2","7.420,0","7.490,0","6.930,0","31,72K","-5,48%"
"05.08.2018","7.025,8","7.013,2","7.089,7","6.890,2","17,68K","0,18%"
"06.08.2018","6.941,3","7.025,8","7.149,9","6.847,0","18,12K","-1,20%"
"07.08.2018","6.720,5","6.940,1","7.149,9","6.678,8","32,25K","-3,18%"
"08.08.2018","6.279,2","6.718,8","6.720,1","6.131,0","53,88K","-6,57%"
"09.08.2018","6.529,1","6.280,7","6.623,7","6.188,2","33,38K","3,98%"
"10.08.2018","6.146,8","6.533,6","6.573,6","6.014,5","43,50K","-5,86%"
"11.08.2018","6.232,7","6.147,0","6.485,7","6.008,2","37,12K","1,40%"
"12.08.2018","6.313,9","6.234,7","6.481,7","6.163,3","23,05K","1,30%"
"13.08.2018","6.251,9","6.312,2","6.541,8","6.150,0","32,33K","-0,98%"
"14.08.2018","6.189,0","6.241,3","6.244,0","5.879,3","52,70K","-1,01%"
"15.08.2018","6.270,1","6.188,6","6.623,8","6.181,1","66,22K","1,31%"
"16.08.2018","6.314,0","6.270,2","6.474,7","6.215,2","25,14K","0,70%"
"17.08.2018","6.583,3","6.312,0","6.588,7","6.290,2","26,76K","4,27%"
"18.08.2018","6.391,2","6.585,9","6.615,0","6.301,9","19,73K","-2,92%"
"19.08.2018","6.485,1","6.395,0","6.550,0","6.309,3","15,35K","1,47%"
"20.08.2018","6.255,9","6.485,1","6.520,6","6.230,2","31,72K","-3,53%"
"21.08.2018","6.479,1","6.255,2","6.500,0","6.245,0","29,50K","3,57%"
"22.08.2018","6.354,9","6.479,1","6.885,0","6.253,0","58,96K","-1,92%"
"23.08.2018","6.527,2","6.363,8","6.565,6","6.350,0","19,94K","2,71%"
"24.08.2018","6.695,9","6.530,5","6.728,3","6.462,7","20,20K","2,58%"
"25.08.2018","6.732,9","6.693,3","6.795,5","6.670,0","16,88K","0,55%"
"26.08.2018","6.708,4","6.732,8","6.784,1","6.574,5","16,75K","-0,36%"
"27.08.2018","6.909,5","6.707,0","6.911,6","6.653,5","24,21K","3,00%"
"28.08.2018","7.079,7","6.910,5","7.127,2","6.872,0","30,07K","2,46%"
"29.08.2018","7.045,7","7.079,9","7.133,6","6.931,6","19,83K","-0,48%"
"30.08.2018","6.994,7","7.037,9","7.060,0","6.802,4","24,58K","-0,72%"
"31.08.2018","7.025,9","6.986,1","7.084,0","6.889,0","19,38K","0,45%"
"01.09.2018","7.197,5","7.022,9","7.260,4","7.020,5","21,39K","2,44%"
"02.09.2018","7.290,4","7.197,5","7.367,0","7.137,2","44,68K","1,29%"
"03.09.2018","7.268,0","7.304,7","7.341,4","7.200,1","22,31K","-0,31%"
"04.09.2018","7.358,9","7.267,8","7.410,3","7.246,2","20,82K","1,25%"
"05.09.2018","6.710,5","7.357,3","7.400,0","6.700,0","55,65K","-8,81%"
"06.09.2018","6.515,6","6.705,0","6.720,8","6.310,3","53,00K","-2,90%"
"07.09.2018","6.404,1","6.516,1","6.532,9","6.322,8","20,74K","-1,71%"
"08.09.2018","6.185,0","6.404,2","6.475,1","6.130,3","21,85K","-3,42%"
"09.09.2018","6.239,9","6.184,9","6.427,6","6.142,2","16,46K","0,89%"
"10.09.2018","6.308,0","6.240,0","6.363,5","6.233,2","14,45K","1,09%"
"11.09.2018","6.290,8","6.332,1","6.397,1","6.178,1","16,61K","-0,27%"
"12.09.2018","6.332,0","6.290,9","6.355,0","6.203,1","16,08K","0,65%"
"13.09.2018","6.475,6","6.334,0","6.523,4","6.334,0","19,24K","2,27%"
"14.09.2018","6.485,0","6.495,0","6.593,0","6.355,6","16,37K","0,15%"
"15.09.2018","6.513,6","6.480,1","6.568,9","6.473,6","8,35K","0,44%"
"16.09.2018","6.498,5","6.512,8","6.517,8","6.384,5","8,73K","-0,23%"
"17.09.2018","6.254,2","6.506,1","6.532,8","6.205,1","23,54K","-3,76%"
"18.09.2018","6.342,8","6.243,0","6.384,0","6.229,2","15,93K","1,42%"
"19.09.2018","6.390,9","6.330,8","6.521,5","6.112,7","29,90K","0,76%"
"20.09.2018","6.500,5","6.392,8","6.535,0","6.357,2","16,67K","1,71%"
"21.09.2018","6.762,7","6.522,1","6.790,0","6.496,0","36,99K","4,03%"
"22.09.2018","6.723,0","6.789,8","6.840,0","6.643,6","18,26K","-0,59%"
"23.09.2018","6.710,0","6.723,1","6.783,3","6.664,2","8,51K","-0,19%"
"24.09.2018","6.585,0","6.697,8","6.721,7","6.555,1","17,76K","-1,86%"
"25.09.2018","6.434,7","6.585,1","6.585,1","6.350,2","20,21K","-2,28%"
"26.09.2018","6.462,4","6.442,8","6.552,7","6.385,8","13,81K","0,43%"
"27.09.2018","6.692,5","6.462,4","6.727,2","6.440,7","18,37K","3,56%"
"28.09.2018","6.635,1","6.691,2","6.825,0","6.545,1","27,89K","-0,86%"
"29.09.2018","6.604,6","6.627,3","6.631,2","6.466,0","17,30K","-0,46%"
"30.09.2018","6.618,1","6.590,0","6.656,5","6.533,3","8,49K","0,20%"
"01.10.2018","6.601,9","6.625,9","6.659,6","6.521,0","10,36K","-0,24%"
"02.10.2018","6.533,3","6.602,0","6.638,4","6.514,1","12,03K","-1,04%"
"03.10.2018","6.503,2","6.527,5","6.552,5","6.428,1","14,57K","-0,46%"
"04.10.2018","6.580,1","6.507,9","6.640,0","6.499,3","11,79K","1,18%"
"05.10.2018","6.644,7","6.594,3","6.666,9","6.548,0","12,43K","0,98%"
"06.10.2018","6.592,0","6.639,9","6.648,2","6.564,5","5,80K","-0,79%"
"07.10.2018","6.601,0","6.595,2","6.633,7","6.532,8","5,80K","0,14%"
"08.10.2018","6.673,2","6.617,0","6.718,4","6.585,9","12,70K","1,09%"
"09.10.2018","6.663,0","6.679,7","6.680,6","6.608,5","8,02K","-0,15%"
"10.10.2018","6.630,2","6.659,7","6.659,7","6.529,7","13,82K","-0,49%"
"11.10.2018","6.252,0","6.628,0","6.628,0","6.223,8","41,61K","-5,70%"
"12.10.2018","6.293,2","6.249,0","6.348,4","6.223,0","10,40K","0,66%"
"13.10.2018","6.326,5","6.288,6","6.331,4","6.288,6","5,82K","0,53%"
"14.10.2018","6.335,2","6.326,0","6.399,1","6.318,5","11,23K","0,14%"
"15.10.2018","6.742,0","6.322,7","7.704,2","6.300,0","85,00K","6,42%"
"16.10.2018","6.754,1","6.739,0","6.891,8","6.679,0","15,66K","0,18%"
"17.10.2018","6.737,1","6.754,2","6.792,7","6.681,3","8,88K","-0,25%"
"18.10.2018","6.613,0","6.736,4","6.778,2","6.567,5","12,53K","-1,84%"
"19.10.2018","6.527,3","6.609,6","6.630,2","6.519,9","11,20K","-1,30%"
"20.10.2018","6.586,7","6.517,0","6.609,7","6.511,3","4,61K","0,91%"
"21.10.2018","6.591,6","6.582,9","6.655,0","6.582,9","4,42K","0,07%"
"22.10.2018","6.567,2","6.587,4","6.627,6","6.549,1","6,05K","-0,37%"
"23.10.2018","6.550,0","6.567,2","6.584,3","6.525,4","8,86K","-0,26%"
"24.10.2018","6.554,1","6.550,0","6.623,0","6.543,2","8,49K","0,06%"
"25.10.2018","6.528,1","6.554,0","6.566,0","6.500,1","8,71K","-0,40%"
"26.10.2018","6.531,5","6.533,4","6.588,3","6.514,3","7,45K","0,05%"
"27.10.2018","6.500,2","6.534,9","6.553,9","6.480,1","6,97K","-0,48%"
"28.10.2018","6.490,1","6.498,4","6.510,1","6.456,3","6,84K","-0,16%"
"29.10.2018","6.344,0","6.490,2","6.505,0","6.320,9","19,56K","-2,25%"
"30.10.2018","6.330,1","6.347,1","6.380,0","6.313,2","10,73K","-0,22%"
"31.10.2018","6.368,4","6.330,1","6.406,4","6.248,2","9,96K","0,60%"
"01.11.2018","6.399,7","6.374,8","6.423,2","6.353,5","9,12K","0,49%"
"02.11.2018","6.426,9","6.407,1","6.454,8","6.391,6","8,07K","0,43%"
"03.11.2018","6.387,9","6.432,2","6.432,2","6.334,7","11,37K","-0,61%"
"04.11.2018","6.485,2","6.389,2","6.509,4","6.360,1","8,96K","1,52%"
"05.11.2018","6.470,1","6.495,2","6.495,2","6.439,4","4,81K","-0,23%"
"06.11.2018","6.515,2","6.475,0","6.515,3","6.447,8","7,25K","0,70%"
"07.11.2018","6.572,7","6.519,0","6.607,1","6.512,2","10,72K","0,88%"
"08.11.2018","6.479,6","6.573,0","6.585,0","6.477,0","11,58K","-1,42%"
"09.11.2018","6.420,2","6.479,5","6.502,9","6.392,6","10,45K","-0,92%"
"10.11.2018","6.431,1","6.414,5","6.461,7","6.414,5","3,25K","0,17%"
"11.11.2018","6.450,0","6.431,0","6.459,9","6.364,0","7,34K","0,29%"
"12.11.2018","6.446,9","6.481,0","6.481,0","6.418,8","7,30K","-0,05%"
"13.11.2018","6.464,4","6.447,0","6.497,5","6.403,5","10,12K","0,27%"
"14.11.2018","5.884,6","6.458,9","6.485,0","5.705,0","69,20K","-8,97%"
"15.11.2018","5.753,4","5.922,3","5.929,2","5.441,5","49,91K","-2,23%"
"16.11.2018","5.660,5","5.731,9","5.756,8","5.555,0","18,43K","-1,61%"
"17.11.2018","5.626,7","5.655,7","5.659,2","5.573,6","7,98K","-0,60%"
"18.11.2018","5.659,4","5.637,2","5.716,0","5.621,0","9,55K","0,58%"
"19.11.2018","4.938,1","5.650,3","5.650,3","4.890,9","74,15K","-12,75%"
"20.11.2018","4.600,1","4.944,9","5.048,0","4.318,1","117,22K","-6,84%"
"21.11.2018","4.666,6","4.572,8","4.773,4","4.429,9","44,38K","1,45%"
"22.11.2018","4.392,4","4.672,1","4.716,8","4.388,5","27,95K","-5,88%"
"23.11.2018","4.422,7","4.370,8","4.482,0","4.251,0","36,09K","0,69%"
"24.11.2018","3.929,8","4.422,8","4.515,2","3.834,7","50,98K","-11,14%"
"25.11.2018","4.087,8","3.934,9","4.211,3","3.663,0","82,18K","4,02%"
"26.11.2018","3.858,0","4.111,3","4.196,4","3.708,1","64,08K","-5,62%"
"27.11.2018","3.884,4","3.850,1","3.941,6","3.713,2","46,27K","0,68%"
"28.11.2018","4.306,3","3.902,3","4.439,6","3.889,9","65,26K","10,86%"
"29.11.2018","4.312,9","4.331,4","4.472,0","4.180,6","41,10K","0,15%"
"30.11.2018","4.038,3","4.323,3","4.357,4","3.966,2","42,38K","-6,37%"
"01.12.2018","4.243,0","4.043,6","4.339,0","3.978,8","27,50K","5,07%"
"02.12.2018","4.159,7","4.241,4","4.353,2","4.127,2","24,40K","-1,96%"
"03.12.2018","3.901,2","4.172,9","4.178,5","3.836,2","36,86K","-6,21%"
"04.12.2018","3.981,9","3.903,8","4.131,1","3.793,1","33,69K","2,07%"
"05.12.2018","3.765,3","3.982,2","4.000,1","3.751,1","28,43K","-5,44%"
"06.12.2018","3.531,3","3.770,5","3.908,0","3.506,0","58,22K","-6,21%"
"07.12.2018","3.460,0","3.528,6","3.624,8","3.278,4","74,08K","-2,02%"
"08.12.2018","3.506,0","3.460,0","3.784,8","3.316,2","39,08K","1,33%"
"09.12.2018","3.639,6","3.506,0","3.766,6","3.469,7","25,08K","3,81%"
"10.12.2018","3.524,9","3.642,1","3.697,9","3.475,8","22,60K","-3,15%"
"11.12.2018","3.435,3","3.523,5","3.549,6","3.384,0","24,05K","-2,54%"
"12.12.2018","3.535,6","3.435,3","3.611,2","3.415,1","20,93K","2,92%"
"13.12.2018","3.354,4","3.535,6","3.539,1","3.322,2","22,24K","-5,13%"
"14.12.2018","3.282,8","3.354,4","3.390,8","3.226,4","28,56K","-2,13%"
"15.12.2018","3.285,1","3.281,6","3.323,8","3.216,1","17,89K","0,07%"
"16.12.2018","3.299,9","3.282,2","3.380,3","3.278,0","19,10K","0,45%"
"17.12.2018","3.625,1","3.299,9","3.711,5","3.285,5","35,72K","9,85%"
"18.12.2018","3.780,1","3.625,0","3.780,9","3.551,0","29,43K","4,28%"
"19.12.2018","3.810,0","3.780,1","4.041,1","3.758,0","55,26K","0,79%"
"20.12.2018","4.214,5","3.810,0","4.275,7","3.788,6","65,87K","10,62%"
"21.12.2018","3.976,1","4.214,6","4.283,0","3.913,3","43,52K","-5,66%"
"22.12.2018","4.135,0","3.975,9","4.147,3","3.919,5","19,51K","4,00%"
"23.12.2018","4.075,7","4.135,0","4.210,0","4.036,8","24,47K","-1,43%"
"24.12.2018","4.145,2","4.071,7","4.384,0","4.069,0","38,00K","1,71%"
"25.12.2018","3.909,7","4.140,7","4.152,1","3.815,5","33,73K","-5,68%"
"26.12.2018","3.929,8","3.909,7","3.990,0","3.812,1","19,13K","0,51%"
"27.12.2018","3.714,7","3.930,0","3.954,9","3.688,0","23,61K","-5,47%"
"28.12.2018","4.036,7","3.712,0","4.094,9","3.696,3","26,92K","8,67%"
"29.12.2018","3.887,0","4.033,9","4.099,7","3.864,6","18,70K","-3,71%"
"30.12.2018","3.978,3","3.893,8","4.003,0","3.845,2","17,73K","2,35%"
"31.12.2018","3.830,5","3.976,7","3.986,9","3.779,5","15,79K","-3,72%"
"01.01.2019","3.963,0","3.832,6","3.981,9","3.788,4","13,85K","3,46%"
"02.01.2019","4.048,5","3.963,1","4.082,2","3.920,1","19,43K","2,16%"
"03.01.2019","3.923,2","4.049,9","4.055,1","3.882,0","10,92K","-3,09%"
"04.01.2019","3.954,9","3.923,2","3.985,8","3.853,3","13,23K","0,81%"
"05.01.2019","3.911,0","3.954,8","4.014,9","3.901,4","14,87K","-1,11%"
"06.01.2019","4.171,5","3.911,0","4.214,5","3.892,9","25,17K","6,66%"
"07.01.2019","4.113,9","4.170,9","4.196,9","4.078,5","11,32K","-1,38%"
"08.01.2019","4.100,0","4.113,9","4.210,0","4.056,2","18,72K","-0,34%"
"09.01.2019","4.083,2","4.100,0","4.165,5","4.036,0","20,63K","-0,41%"
"10.01.2019","3.712,8","4.083,3","4.136,1","3.687,2","35,02K","-9,07%"
"11.01.2019","3.716,1","3.712,8","3.777,4","3.666,6","13,13K","0,09%"
"12.01.2019","3.702,0","3.712,8","3.734,0","3.674,4","9,29K","-0,38%"
"13.01.2019","3.591,0","3.702,0","3.712,9","3.570,0","12,59K","-3,00%"
"14.01.2019","3.749,3","3.591,0","3.798,7","3.581,8","14,84K","4,41%"
"15.01.2019","3.656,5","3.749,3","3.769,5","3.625,1","13,32K","-2,48%"
"16.01.2019","3.671,2","3.657,0","3.750,0","3.642,9","13,23K","0,40%"
"17.01.2019","3.723,0","3.671,3","3.725,0","3.610,0","10,86K","1,41%"
"18.01.2019","3.675,7","3.722,5","3.723,9","3.652,4","5,65K","-1,27%"
"19.01.2019","3.760,0","3.674,1","3.858,5","3.673,9","13,39K","2,29%"
"20.01.2019","3.586,1","3.762,3","3.796,0","3.548,3","20,62K","-4,62%"
"21.01.2019","3.579,4","3.588,6","3.614,8","3.550,0","10,81K","-0,19%"
"22.01.2019","3.639,1","3.579,4","3.676,3","3.488,3","18,08K","1,67%"
"23.01.2019","3.619,9","3.639,0","3.677,0","3.591,2","7,97K","-0,53%"
"24.01.2019","3.652,6","3.621,7","3.670,0","3.589,9","7,87K","0,90%"
"25.01.2019","3.628,9","3.653,0","3.663,4","3.582,1","7,38K","-0,65%"
"26.01.2019","3.630,7","3.629,0","3.745,8","3.624,8","13,00K","0,05%"
"27.01.2019","3.597,1","3.630,7","3.642,5","3.544,0","11,45K","-0,93%"
"28.01.2019","3.501,9","3.597,1","3.597,9","3.450,3","17,02K","-2,65%"
"29.01.2019","3.477,9","3.501,1","3.512,5","3.427,2","10,47K","-0,68%"
"30.01.2019","3.529,6","3.478,0","3.548,0","3.451,5","12,58K","1,49%"
"31.01.2019","3.501,1","3.529,7","3.565,7","3.482,2","8,57K","-0,81%"
"01.02.2019","3.536,2","3.502,7","3.557,2","3.465,0","10,04K","1,00%"
"02.02.2019","3.564,3","3.534,8","3.575,4","3.500,8","10,89K","0,79%"
"03.02.2019","3.501,7","3.564,5","3.566,8","3.470,1","7,86K","-1,76%"
"04.02.2019","3.490,5","3.504,2","3.522,6","3.475,3","5,21K","-0,32%"
"05.02.2019","3.512,6","3.490,4","3.517,0","3.475,9","4,59K","0,63%"
"06.02.2019","3.452,0","3.512,6","3.521,0","3.417,6","13,16K","-1,73%"
"07.02.2019","3.436,1","3.451,9","3.462,3","3.429,3","4,80K","-0,46%"
"08.02.2019","3.724,0","3.439,0","3.799,6","3.427,8","31,15K","8,38%"
"09.02.2019","3.718,4","3.724,1","3.739,1","3.688,8","6,74K","-0,15%"
"10.02.2019","3.746,3","3.718,3","3.753,5","3.667,1","9,97K","0,75%"
"11.02.2019","3.681,1","3.749,7","3.749,7","3.672,0","7,80K","-1,74%"
"12.02.2019","3.694,2","3.681,0","3.728,0","3.645,3","11,34K","0,36%"
"13.02.2019","3.666,1","3.694,1","3.735,4","3.650,4","11,76K","-0,76%"
"14.02.2019","3.656,7","3.665,5","3.681,1","3.641,1","7,53K","-0,26%"
"15.02.2019","3.670,0","3.656,7","3.716,3","3.644,5","7,81K","0,36%"
"16.02.2019","3.676,4","3.670,1","3.724,9","3.666,0","7,52K","0,18%"
"17.02.2019","3.734,5","3.676,5","3.788,8","3.668,9","14,07K","1,58%"
"18.02.2019","3.978,1","3.734,5","4.019,9","3.723,9","37,62K","6,52%"
"19.02.2019","3.989,9","3.978,4","4.081,4","3.943,4","24,30K","0,30%"
"20.02.2019","4.055,0","3.989,9","4.070,0","3.969,2","15,25K","1,63%"
"21.02.2019","4.008,8","4.053,7","4.122,0","3.975,3","15,48K","-1,14%"
"22.02.2019","4.058,3","4.008,8","4.074,0","3.991,3","14,21K","1,23%"
"23.02.2019","4.211,7","4.058,2","4.255,0","4.014,5","21,53K","3,78%"
"24.02.2019","3.832,0","4.212,2","4.282,4","3.812,0","36,09K","-9,02%"
"25.02.2019","3.921,8","3.825,0","3.965,0","3.825,0","10,41K","2,34%"
"26.02.2019","3.896,8","3.919,3","3.934,1","3.870,4","5,11K","-0,64%"
"27.02.2019","3.902,7","3.896,8","3.934,0","3.767,0","12,03K","0,15%"
"28.02.2019","3.894,0","3.900,1","3.988,0","3.875,0","12,10K","-0,22%"
"01.03.2019","3.914,0","3.894,0","3.948,7","3.893,0","4,76K","0,51%"
"02.03.2019","3.913,0","3.915,0","3.924,0","3.850,0","5,11K","-0,03%"
"03.03.2019","3.884,8","3.913,0","3.923,4","3.856,7","2,88K","-0,72%"
"04.03.2019","3.800,0","3.884,8","3.908,1","3.767,1","10,18K","-2,18%"
"05.03.2019","3.951,6","3.800,0","3.966,9","3.786,2","10,80K","3,99%"
"06.03.2019","3.951,4","3.951,6","3.984,1","3.912,4","6,59K","-0,01%"
"07.03.2019","3.964,7","3.951,5","3.989,6","3.935,7","7,64K","0,34%"
"08.03.2019","3.940,5","3.964,7","4.020,9","3.863,7","9,36K","-0,61%"
"09.03.2019","4.017,3","3.940,5","4.046,2","3.933,9","7,38K","1,95%"
"10.03.2019","4.000,0","4.017,3","4.017,3","3.961,8","4,67K","-0,43%"
"11.03.2019","3.949,0","4.000,0","4.009,2","3.920,7","6,61K","-1,28%"
"12.03.2019","3.954,1","3.950,7","3.979,5","3.895,2","7,63K","0,13%"
"13.03.2019","3.947,9","3.954,9","3.972,1","3.925,1","5,51K","-0,16%"
"14.03.2019","3.948,3","3.946,2","4.000,1","3.882,8","8,30K","0,01%"
"15.03.2019","4.003,1","3.948,3","4.011,0","3.948,3","6,72K","1,39%"
"16.03.2019","4.088,0","4.003,1","4.152,7","4.003,1","13,94K","2,12%"
"17.03.2019","4.068,9","4.088,0","4.088,3","4.041,1","3,38K","-0,47%"
"18.03.2019","4.073,5","4.069,0","4.119,9","4.035,6","3,68K","0,11%"
"19.03.2019","4.104,7","4.073,7","4.118,0","4.056,6","5,55K","0,77%"
"20.03.2019","4.127,2","4.104,6","4.136,2","4.073,9","7,82K","0,55%"
"21.03.2019","4.044,8","4.127,2","4.138,7","4.005,2","11,82K","-2,00%"
"22.03.2019","4.045,3","4.044,8","4.064,6","4.035,1","4,84K","0,01%"
"23.03.2019","4.063,2","4.045,2","4.076,3","4.038,5","4,37K","0,44%"
"24.03.2019","4.041,4","4.063,0","4.063,2","4.011,5","3,36K","-0,54%"
"25.03.2019","3.970,0","4.041,4","4.049,9","3.939,1","6,70K","-1,77%"
"26.03.2019","3.991,7","3.970,0","3.994,8","3.951,0","5,09K","0,55%"
"27.03.2019","4.102,5","3.992,7","4.109,6","3.979,6","7,93K","2,78%"
"28.03.2019","4.092,6","4.102,7","4.104,0","4.066,4","6,22K","-0,24%"
"29.03.2019","4.179,0","4.092,6","4.188,0","4.084,7","8,65K","2,11%"
"30.03.2019","4.165,1","4.179,1","4.210,0","4.117,2","6,63K","-0,33%"
"31.03.2019","4.167,6","4.165,1","4.181,4","4.153,1","2,27K","0,06%"
"01.04.2019","4.196,8","4.167,5","4.220,8","4.127,2","7,01K","0,70%"
"02.04.2019","4.927,1","4.196,9","5.079,4","4.189,7","54,14K","17,40%"
"03.04.2019","4.978,0","4.929,3","5.330,1","4.849,1","44,28K","1,03%"
"04.04.2019","4.938,9","4.976,9","5.099,9","4.834,0","15,42K","-0,79%"
"05.04.2019","5.080,4","4.939,3","5.130,0","4.930,1","11,36K","2,87%"
"06.04.2019","5.090,5","5.080,4","5.280,0","4.968,1","14,20K","0,20%"
"07.04.2019","5.238,1","5.091,1","5.313,1","5.075,0","9,95K","2,90%"
"08.04.2019","5.312,5","5.238,9","5.361,7","5.148,5","17,82K","1,42%"
"09.04.2019","5.216,3","5.312,4","5.312,5","5.173,5","11,90K","-1,81%"
"10.04.2019","5.311,7","5.213,0","5.487,4","5.200,5","15,78K","1,83%"
"11.04.2019","5.065,8","5.315,5","5.340,0","5.001,1","19,39K","-4,63%"
"12.04.2019","5.114,0","5.059,0","5.134,9","4.935,2","9,22K","0,95%"
"13.04.2019","5.101,8","5.114,1","5.160,8","5.075,3","5,21K","-0,24%"
"14.04.2019","5.194,3","5.103,7","5.209,0","5.064,2","4,15K","1,81%"
"15.04.2019","5.049,2","5.190,1","5.217,1","5.000,7","9,52K","-2,79%"
"16.04.2019","5.234,3","5.042,8","5.256,2","5.030,0","8,38K","3,67%"
"17.04.2019","5.254,5","5.234,3","5.291,1","5.224,7","9,28K","0,39%"
"18.04.2019","5.310,8","5.254,5","5.339,3","5.254,0","9,04K","1,07%"
"19.04.2019","5.314,0","5.310,8","5.371,1","5.225,0","6,31K","0,06%"
"20.04.2019","5.340,0","5.314,1","5.375,6","5.289,2","6,48K","0,49%"
"21.04.2019","5.321,9","5.340,1","5.366,1","5.259,4","6,15K","-0,34%"
"22.04.2019","5.417,8","5.320,3","5.447,5","5.276,5","11,95K","1,80%"
"23.04.2019","5.550,9","5.417,8","5.645,0","5.395,2","18,76K","2,46%"
"24.04.2019","5.480,3","5.547,1","5.647,4","5.415,0","16,53K","-1,27%"
"25.04.2019","5.219,0","5.479,6","5.556,8","5.065,2","21,49K","-4,77%"
"26.04.2019","5.410,8","5.215,6","5.517,1","5.174,1","21,53K","3,68%"
"27.04.2019","5.401,8","5.410,9","5.456,9","5.355,4","4,57K","-0,17%"
"28.04.2019","5.486,8","5.400,6","5.542,2","5.400,6","7,76K","1,57%"
"29.04.2019","5.480,1","5.486,8","5.515,2","5.370,3","7,81K","-0,12%"
"30.04.2019","5.599,5","5.480,0","5.612,0","5.454,9","7,44K","2,18%"
"01.05.2019","5.629,6","5.599,6","5.655,0","5.585,5","5,53K","0,54%"
"02.05.2019","5.723,8","5.629,5","5.779,8","5.618,0","11,06K","1,67%"
"03.05.2019","6.016,0","5.729,6","6.139,9","5.716,5","19,48K","5,11%"
"04.05.2019","6.098,3","6.019,9","6.149,1","5.868,2","9,44K","1,37%"
"05.05.2019","6.042,0","6.098,2","6.112,0","5.956,2","5,82K","-0,92%"
"06.05.2019","6.027,9","6.042,0","6.100,3","5.906,8","6,48K","-0,23%"
"07.05.2019","6.087,9","6.027,9","6.290,0","6.027,9","11,99K","1,00%"
"08.05.2019","6.201,0","6.096,6","6.220,4","6.024,1","8,20K","1,86%"
"09.05.2019","6.258,4","6.201,9","6.309,0","6.165,0","9,68K","0,93%"
"10.05.2019","6.438,7","6.262,0","6.522,0","6.212,6","14,49K","2,88%"
"11.05.2019","7.136,4","6.438,7","7.278,3","6.438,7","37,91K","10,84%"
"12.05.2019","6.979,9","7.125,1","7.448,0","6.860,0","31,96K","-2,19%"
"13.05.2019","7.753,2","6.980,1","8.049,9","6.883,9","36,47K","11,08%"
"14.05.2019","7.958,3","7.753,2","8.194,1","7.684,1","29,32K","2,65%"
"15.05.2019","8.132,9","7.951,9","8.208,9","7.837,6","19,04K","2,19%"
"16.05.2019","7.857,0","8.135,5","8.307,7","7.750,1","22,29K","-3,39%"
"17.05.2019","7.415,4","7.857,5","7.905,7","7.067,4","29,02K","-5,62%"
"18.05.2019","7.260,0","7.418,3","7.509,1","7.210,6","9,32K","-2,10%"
"19.05.2019","8.189,5","7.260,1","8.263,2","7.252,0","23,46K","12,80%"
"20.05.2019","7.985,0","8.188,3","8.188,3","7.601,0","16,90K","-2,50%"
"21.05.2019","7.937,0","7.990,5","8.089,9","7.819,7","7,69K","-0,60%"
"22.05.2019","7.621,1","7.933,6","8.030,0","7.507,9","10,78K","-3,98%"
"23.05.2019","7.872,4","7.619,9","7.957,1","7.496,3","10,55K","3,30%"
"24.05.2019","7.994,9","7.872,1","8.158,6","7.801,6","10,92K","1,56%"
"25.05.2019","8.054,9","7.990,0","8.135,0","7.950,4","4,34K","0,75%"
"26.05.2019","8.729,9","8.054,9","8.820,0","7.880,2","20,14K","8,38%"
"27.05.2019","8.806,0","8.730,0","8.951,0","8.661,0","17,56K","0,87%"
"28.05.2019","8.740,9","8.806,1","8.843,7","8.558,3","11,14K","-0,74%"
"29.05.2019","8.680,9","8.738,1","8.794,9","8.490,0","10,30K","-0,69%"
"30.05.2019","8.269,9","8.681,2","9.100,0","8.019,7","20,29K","-4,73%"
"31.05.2019","8.533,3","8.268,5","8.550,0","8.112,4","10,93K","3,18%"
"01.06.2019","8.547,0","8.531,9","8.625,0","8.452,0","5,46K","0,16%"
"02.06.2019","8.740,0","8.546,9","8.818,0","8.540,0","6,24K","2,26%"
"03.06.2019","8.103,4","8.740,1","8.740,1","8.050,1","18,66K","-7,28%"
"04.06.2019","7.692,8","8.088,0","8.088,0","7.524,5","28,12K","-5,07%"
"05.06.2019","7.789,3","7.692,8","7.931,0","7.603,0","10,83K","1,25%"
"06.06.2019","7.805,6","7.766,3","7.870,6","7.461,0","7,51K","0,21%"
"07.06.2019","7.991,5","7.816,9","8.123,5","7.769,1","13,44K","2,38%"
"08.06.2019","7.924,6","8.002,1","8.064,8","7.802,0","4,77K","-0,84%"
"09.06.2019","7.639,2","7.924,0","7.961,0","7.502,5","6,83K","-3,60%"
"10.06.2019","8.013,7","7.622,5","8.046,3","7.523,3","8,90K","4,90%"
"11.06.2019","7.904,1","8.018,8","8.048,9","7.711,3","6,53K","-1,37%"
"12.06.2019","8.175,4","7.903,1","8.238,8","7.822,3","9,14K","3,43%"
"13.06.2019","8.227,4","8.177,6","8.333,0","8.038,9","8,89K","0,64%"
"14.06.2019","8.689,1","8.230,0","8.714,9","8.163,3","12,71K","5,61%"
"15.06.2019","8.856,0","8.689,0","8.904,1","8.611,0","9,40K","1,92%"
"16.06.2019","8.986,0","8.852,8","9.389,6","8.803,0","20,91K","1,47%"
"17.06.2019","9.356,0","8.986,0","9.489,9","8.986,0","14,17K","4,12%"
"18.06.2019","9.095,9","9.351,0","9.370,9","8.945,4","10,59K","-2,78%"
"19.06.2019","9.305,9","9.094,9","9.339,9","9.062,0","5,77K","2,31%"
"20.06.2019","9.557,1","9.306,0","9.620,8","9.241,0","10,59K","2,70%"
"21.06.2019","10.236,0","9.557,8","10.249,0","9.557,8","22,23K","7,10%"
"22.06.2019","10.747,9","10.227,0","11.210,0","10.098,2","36,68K","5,00%"
"23.06.2019","10.916,0","10.745,0","11.368,0","10.576,0","18,59K","1,56%"
"24.06.2019","11.053,0","10.913,0","11.135,0","10.560,0","14,40K","1,26%"
"25.06.2019","11.751,0","11.070,0","11.780,0","10.992,4","21,85K","6,32%"
"26.06.2019","12.876,0","11.746,0","13.764,0","11.693,0","55,59K","9,57%"
"27.06.2019","11.200,0","12.876,0","13.222,0","10.397,0","47,61K","-13,02%"
"28.06.2019","12.349,0","11.183,0","12.404,0","10.812,0","31,98K","10,26%"
"29.06.2019","11.921,0","12.350,7","12.350,7","11.375,0","20,39K","-3,47%"
"30.06.2019","10.745,0","11.973,0","12.229,0","10.705,0","19,07K","-9,86%"
"01.07.2019","10.639,0","10.777,0","11.221,0","10.099,0","24,90K","-0,99%"
"02.07.2019","10.866,0","10.639,8","10.961,0","9.745,1","28,78K","2,13%"
"03.07.2019","11.984,0","10.903,0","12.004,0","10.903,0","28,09K","10,29%"
"04.07.2019","11.169,0","12.000,0","12.063,5","11.057,0","19,84K","-6,80%"
"05.07.2019","10.998,0","11.141,0","11.440,0","10.802,0","16,37K","-1,53%"
"06.07.2019","11.283,0","10.983,0","11.720,0","10.983,0","12,21K","2,59%"
"07.07.2019","11.486,0","11.276,0","11.618,0","11.121,6","8,42K","1,80%"
"08.07.2019","12.301,0","11.484,0","12.382,0","11.339,0","17,84K","7,10%"
"09.07.2019","12.553,0","12.301,5","12.811,0","12.173,0","19,16K","2,05%"
"10.07.2019","12.093,0","12.564,0","13.173,0","11.572,0","36,06K","-3,66%"
"11.07.2019","11.340,0","12.092,0","12.092,0","11.006,0","21,60K","-6,23%"
"12.07.2019","11.765,0","11.327,0","11.900,0","11.100,0","12,25K","3,75%"
"13.07.2019","11.312,0","11.779,0","11.803,0","10.806,0","14,72K","-3,85%"
"14.07.2019","10.206,8","11.324,0","11.390,0","10.125,0","22,49K","-9,77%"
"15.07.2019","10.820,0","10.193,0","11.043,0","9.920,6","21,44K","6,01%"
"16.07.2019","9.410,0","10.813,0","10.991,0","9.378,0","26,18K","-13,03%"
"17.07.2019","9.683,2","9.418,4","9.963,1","9.090,0","23,12K","2,90%"
"18.07.2019","10.622,0","9.691,2","10.750,0","9.271,6","28,83K","9,70%"
"19.07.2019","10.519,0","10.624,0","10.759,0","10.132,7","13,16K","-0,97%"
"20.07.2019","10.740,0","10.517,6","11.085,0","10.402,0","12,13K","2,10%"
"21.07.2019","10.569,4","10.741,0","10.811,0","10.300,0","8,25K","-1,59%"
"22.07.2019","10.329,0","10.572,0","10.667,0","10.094,0","10,90K","-2,27%"
"23.07.2019","9.854,9","10.330,0","10.330,0","9.824,5","9,77K","-4,59%"
"24.07.2019","9.771,0","9.859,0","9.917,7","9.541,9","11,57K","-0,85%"
"25.07.2019","9.890,1","9.772,0","10.180,0","9.735,0","9,22K","1,22%"
"26.07.2019","9.842,5","9.888,0","9.899,0","9.672,0","5,12K","-0,48%"
"27.07.2019","9.465,7","9.840,3","10.189,0","9.300,3","11,77K","-3,83%"
"28.07.2019","9.519,0","9.463,1","9.604,2","9.112,3","7,75K","0,56%"
"29.07.2019","9.507,0","9.530,0","9.690,0","9.396,6","5,70K","-0,13%"
"30.07.2019","9.589,0","9.503,5","9.736,0","9.401,6","5,19K","0,86%"
"31.07.2019","10.088,0","9.588,9","10.099,0","9.575,5","7,94K","5,20%"
"01.08.2019","10.399,0","10.096,0","10.500,0","9.899,9","7,78K","3,08%"
"02.08.2019","10.519,0","10.400,0","10.648,3","10.345,0","8,44K","1,15%"
"03.08.2019","10.822,0","10.520,0","10.910,0","10.506,0","7,42K","2,88%"
"04.08.2019","10.973,0","10.822,0","11.060,0","10.595,0","9,28K","1,40%"
"05.08.2019","11.808,0","10.974,0","11.938,0","10.973,0","16,13K","7,61%"
"06.08.2019","11.471,2","11.824,0","12.307,0","11.268,0","19,34K","-2,85%"
"07.08.2019","11.997,0","11.472,0","12.122,0","11.386,0","13,66K","4,58%"
"08.08.2019","12.060,0","11.999,0","12.126,0","11.570,0","10,97K","0,53%"
"09.08.2019","11.893,0","12.051,0","12.092,7","11.711,0","7,81K","-1,38%"
"10.08.2019","11.314,0","11.892,0","12.003,0","11.263,0","9,02K","-4,87%"
"11.08.2019","11.586,0","11.308,0","11.594,0","11.158,0","5,44K","2,40%"
"12.08.2019","11.404,0","11.577,0","11.578,8","11.272,0","3,20K","-1,57%"
"13.08.2019","10.904,0","11.411,0","11.468,0","10.801,0","9,00K","-4,38%"
"14.08.2019","10.067,0","10.904,0","10.909,0","9.980,0","14,51K","-7,68%"
"15.08.2019","10.327,0","10.067,0","10.470,0","9.522,5","17,37K","2,58%"
"16.08.2019","10.366,0","10.324,0","10.568,0","9.783,4","12,89K","0,38%"
"17.08.2019","10.228,0","10.372,0","10.487,0","10.004,1","4,89K","-1,33%"
"18.08.2019","10.327,0","10.230,0","10.529,0","10.086,0","3,90K","0,97%"
"19.08.2019","10.937,0","10.329,0","10.960,0","10.280,0","7,38K","5,91%"
"20.08.2019","10.793,0","10.947,0","10.986,0","10.588,0","5,83K","-1,32%"
"21.08.2019","10.146,0","10.795,0","10.825,0","9.880,0","11,79K","-5,99%"
"22.08.2019","10.117,0","10.147,0","10.247,0","9.790,0","6,53K","-0,29%"
"23.08.2019","10.408,0","10.117,0","10.461,0","10.063,0","6,39K","2,88%"
"24.08.2019","10.152,0","10.414,0","10.427,0","9.900,0","5,41K","-2,46%"
"25.08.2019","10.132,0","10.162,0","10.349,0","9.881,1","5,21K","-0,20%"
"26.08.2019","10.377,0","10.144,0","10.654,0","10.144,0","8,98K","2,42%"
"27.08.2019","10.184,0","10.376,2","10.392,0","10.036,9","4,52K","-1,86%"
"28.08.2019","9.727,4","10.190,0","10.303,0","9.585,3","10,41K","-4,48%"
"29.08.2019","9.509,0","9.727,3","9.727,3","9.360,4","7,08K","-2,25%"
"30.08.2019","9.601,0","9.509,4","9.710,0","9.384,3","3,75K","0,97%"
"31.08.2019","9.623,9","9.600,7","9.710,2","9.472,1","2,75K","0,24%"
"01.09.2019","9.779,1","9.623,9","9.858,0","9.560,1","2,87K","1,61%"
"02.09.2019","10.388,0","9.783,0","10.473,0","9.754,9","11,14K","6,23%"
"03.09.2019","10.641,0","10.401,0","10.766,0","10.300,0","10,74K","2,44%"
"04.09.2019","10.590,0","10.642,0","10.841,2","10.411,0","6,25K","-0,48%"
"05.09.2019","10.578,7","10.593,0","10.663,0","10.483,0","3,01K","-0,11%"
"06.09.2019","10.317,0","10.582,9","10.933,0","10.218,0","11,28K","-2,47%"
"07.09.2019","10.488,0","10.305,0","10.581,0","10.305,0","3,38K","1,66%"
"08.09.2019","10.415,0","10.489,0","10.599,0","10.257,0","3,51K","-0,70%"
"09.09.2019","10.318,0","10.417,0","10.542,0","10.118,6","5,20K","-0,93%"
"10.09.2019","10.122,0","10.317,0","10.399,0","9.961,7","4,21K","-1,90%"
"11.09.2019","10.175,0","10.121,0","10.297,0","9.866,5","4,35K","0,52%"
"12.09.2019","10.452,0","10.174,2","10.488,0","10.065,1","4,40K","2,72%"
"13.09.2019","10.374,0","10.452,0","10.475,0","10.170,0","4,50K","-0,75%"
"14.09.2019","10.379,0","10.374,0","10.478,0","10.256,0","3,16K","0,05%"
"15.09.2019","10.322,0","10.381,0","10.402,0","10.287,0","1,88K","-0,55%"
"16.09.2019","10.295,0","10.321,0","10.399,0","10.100,0","5,52K","-0,26%"
"17.09.2019","10.214,1","10.290,0","10.308,0","10.171,0","2,94K","-0,79%"
"18.09.2019","10.185,0","10.214,1","10.278,0","10.111,0","3,34K","-0,28%"
"19.09.2019","10.301,0","10.185,0","10.417,0","9.655,0","9,77K","1,14%"
"20.09.2019","10.198,0","10.303,0","10.340,0","10.105,0","2,51K","-1,00%"
"21.09.2019","10.013,0","10.197,0","10.199,0","9.958,1","2,98K","-1,81%"
"22.09.2019","10.052,0","10.012,0","10.105,0","9.881,4","2,75K","0,39%"
"23.09.2019","9.702,6","10.055,0","10.077,0","9.627,5","5,49K","-3,48%"
"24.09.2019","8.547,9","9.702,6","9.788,1","8.110,1","34,87K","-11,90%"
"25.09.2019","8.474,7","8.535,0","8.770,0","8.266,1","12,77K","-0,86%"
"26.09.2019","8.103,6","8.475,3","8.489,9","7.800,1","15,42K","-4,38%"
"27.09.2019","8.213,4","8.105,9","8.296,5","7.906,3","7,47K","1,35%"
"28.09.2019","8.238,6","8.215,3","8.354,7","8.047,9","5,45K","0,31%"
"29.09.2019","8.090,0","8.238,2","8.260,2","7.930,7","6,14K","-1,80%"
"30.09.2019","8.331,1","8.090,1","8.384,0","7.753,0","10,92K","2,98%"
"01.10.2019","8.334,9","8.331,1","8.539,0","8.228,0","5,84K","0,05%"
"02.10.2019","8.413,4","8.333,7","8.419,9","8.193,5","3,45K","0,94%"
"03.10.2019","8.257,9","8.414,9","8.440,0","8.100,7","3,72K","-1,85%"
"04.10.2019","8.170,0","8.260,5","8.264,9","8.040,0","3,05K","-1,06%"
"05.10.2019","8.162,5","8.170,1","8.210,7","8.040,0","3,33K","-0,09%"
"06.10.2019","7.883,1","8.162,5","8.183,1","7.807,1","5,85K","-3,42%"
"07.10.2019","8.227,0","7.886,2","8.342,0","7.794,9","8,15K","4,36%"
"08.10.2019","8.211,2","8.234,6","8.362,0","8.132,8","3,47K","-0,19%"
"09.10.2019","8.607,5","8.205,0","8.717,9","8.146,6","8,39K","4,83%"
"10.10.2019","8.596,0","8.610,4","8.682,8","8.472,0","4,32K","-0,13%"
"11.10.2019","8.280,0","8.596,0","8.815,2","8.253,0","6,08K","-3,68%"
"12.10.2019","8.318,3","8.278,2","8.421,0","8.272,5","1,71K","0,46%"
"13.10.2019","8.305,7","8.319,6","8.477,4","8.179,3","4,04K","-0,15%"
"14.10.2019","8.370,0","8.304,9","8.423,5","8.230,1","2,54K","0,77%"
"15.10.2019","8.191,1","8.370,0","8.433,7","8.123,6","3,28K","-2,14%"
"16.10.2019","8.016,0","8.191,0","8.203,2","7.960,0","7,08K","-2,14%"
"17.10.2019","8.092,3","8.016,1","8.144,9","7.949,3","2,81K","0,95%"
"18.10.2019","7.987,2","8.092,4","8.135,1","7.860,0","5,30K","-1,30%"
"19.10.2019","7.992,9","7.987,3","8.117,0","7.927,0","3,51K","0,07%"
"20.10.2019","8.260,6","7.993,0","8.335,6","7.922,0","4,87K","3,35%"
"21.10.2019","8.243,9","8.260,7","8.371,3","8.181,8","3,41K","-0,20%"
"22.10.2019","8.058,9","8.242,2","8.332,2","8.037,1","3,85K","-2,24%"
"23.10.2019","7.493,7","8.053,7","8.074,5","7.341,5","12,98K","-7,01%"
"24.10.2019","7.453,0","7.493,6","7.529,0","7.372,0","5,80K","-0,54%"
"25.10.2019","8.679,1","7.453,0","8.800,0","7.426,0","17,10K","16,45%"
"26.10.2019","9.270,9","8.679,3","10.464,1","8.662,9","32,06K","6,82%"
"27.10.2019","9.571,8","9.270,9","9.815,6","9.121,6","11,11K","3,25%"
"28.10.2019","9.225,7","9.574,1","9.948,0","9.216,8","8,99K","-3,62%"
"29.10.2019","9.445,5","9.229,2","9.558,3","9.101,3","6,73K","2,38%"
"30.10.2019","9.184,3","9.445,5","9.446,9","9.035,0","5,05K","-2,77%"
"31.10.2019","9.185,6","9.184,4","9.460,7","8.984,8","5,67K","0,01%"
"01.11.2019","9.289,1","9.185,6","9.332,1","9.087,4","4,09K","1,13%"
"02.11.2019","9.332,1","9.288,4","9.429,4","9.251,8","3,66K","0,46%"